{
  "ll_A": -3830.74365234375,
  "ll_A_se": 0.340599326152232,
  "ll_B_final": -3858.779296875,
  "ll_B_final_se": 0.6113188515180514,
  "all_lls": [
    -3863.43359375,
    -3858.078857421875,
    -3866.087890625,
    -3863.072265625,
    -3867.15185546875,
    -3878.833251953125,
    -3884.34765625,
    -3886.94921875
  ],
  "all_ses": [
    0.492161061967959,
    0.49785590472195357,
    1.0837582015719034,
    0.921298472414974,
    0.3857089898783309,
    1.2248903525052526,
    1.2162898449978765,
    1.0129574999272268
  ],
  "lrt": -56.0712890625,
  "df": 5,
  "pval": 1.0,
  "best_theta": {
    "R0": 56.79998016357422,
    "sigma": 28.900005340576172,
    "gamma": 30.400005340576172,
    "iota": 2.8999998569488525,
    "rho": 0.4880000054836273,
    "sigmaSE": 0.08779998123645782,
    "psi": 0.11600000411272049,
    "cohort": 0.5570000410079956,
    "S_0": 0.029705854132771492,
    "E_0": 5.171007796889171e-05,
    "I_0": 5.1410181185929105e-05,
    "R_0": 0.9701909422874451,
    "bs1": 0.2302628606557846,
    "bs2": 0.10828134417533875,
    "bs3": -0.15103350579738617,
    "bs4": 0.019458217546343803,
    "bs5": 0.22051987051963806,
    "bs6": -0.1013629212975502
  },
  "wall_time_s": 1490.2642154693604
}