{
  "ll_A": -3830.74365234375,
  "ll_A_se": 0.340599326152232,
  "top3_lls": [
    -3868.59619140625,
    -3868.99560546875,
    -3894.47021484375
  ],
  "top3_ses": [
    0.7662317447680042,
    0.5525641233772822,
    0.8231199671215448
  ],
  "best_B_ll": -3868.59619140625,
  "best_B_se": 0.7662317447680042,
  "prev_lls": [
    -3906.76,
    -3940.4,
    -3894.72,
    -3870.51,
    -3898.64,
    -3932.91,
    -3913.28,
    -3868.95,
    -3914.42,
    -3924.35
  ],
  "prev_ses": [
    3.34,
    3.08,
    2.69,
    1.08,
    3.63,
    1.68,
    0.22,
    0.55,
    0.92,
    1.0
  ],
  "slice_bs1_grid": [
    -1.5,
    -1.25,
    -1.0,
    -0.75,
    -0.5,
    -0.25,
    0.0,
    0.25,
    0.5,
    0.75,
    1.0,
    1.25,
    1.5
  ],
  "slice_bs1_lls": [
    -7630.18603515625,
    -5983.21484375,
    -4852.4619140625,
    -4300.83935546875,
    -4094.12890625,
    -3954.928955078125,
    -3887.591552734375,
    -3871.612060546875,
    -3914.385498046875,
    -4015.268798828125,
    -4232.44287109375,
    -5028.046875,
    -6793.24609375
  ],
  "slice_bs2_lls": [
    -7767.49658203125,
    -5806.28662109375,
    -4740.572265625,
    -4283.71484375,
    -4043.062744140625,
    -3918.885986328125,
    -3866.143310546875,
    -3862.906005859375,
    -3905.835205078125,
    -3996.4697265625,
    -4160.9462890625,
    -4599.84619140625,
    -5565.724609375
  ],
  "lrt": -75.705078125,
  "df": 5,
  "pval": 1.0,
  "best_B_theta": {
    "R0": 56.8,
    "sigma": 28.9,
    "gamma": 30.4,
    "iota": 2.9,
    "rho": 0.488,
    "sigmaSE": 0.0878,
    "psi": 0.116,
    "cohort": 0.557,
    "S_0": 0.0297,
    "E_0": 5.17e-05,
    "I_0": 5.14e-05,
    "R_0": 0.97,
    "bs1": 0.202,
    "bs2": -0.038,
    "bs3": -0.042,
    "bs4": 0.055,
    "bs5": 0.209,
    "bs6": -0.005
  },
  "wall_time_s": 472.9507327079773
}