{
  "ll_A": -3830.74365234375,
  "ll_A_se": 0.340599326152232,
  "ll_B_final": -3855.65771484375,
  "ll_B_final_se": 0.6525624357514952,
  "all_lls": [
    -3870.665283203125,
    -3854.911376953125,
    -3859.38720703125,
    -3858.071044921875,
    -3874.387939453125,
    -3870.08154296875,
    -3860.73876953125,
    -3862.954345703125
  ],
  "all_ses": [
    0.40252589182502974,
    0.7648555905826211,
    0.7682840329550632,
    0.9659670104205107,
    0.396505339315411,
    0.7594590818645497,
    0.555931614819011,
    1.303832651832211
  ],
  "lrt": -49.828125,
  "df": 5,
  "pval": 1.0,
  "best_theta": {
    "R0": 56.79998016357422,
    "sigma": 28.900005340576172,
    "gamma": 30.400005340576172,
    "iota": 2.8999998569488525,
    "rho": 0.4880000054836273,
    "sigmaSE": 0.08779998123645782,
    "psi": 0.11600000411272049,
    "cohort": 0.5570000410079956,
    "S_0": 0.029705854132771492,
    "E_0": 5.171007796889171e-05,
    "I_0": 5.1410181185929105e-05,
    "R_0": 0.9701909422874451,
    "bs1": 0.22978180646896362,
    "bs2": 0.15024369955062866,
    "bs3": -0.009295133873820305,
    "bs4": -0.0027576766442507505,
    "bs5": 0.23233744502067566,
    "bs6": 0.0030554314143955708
  },
  "wall_time_s": 2036.5731258392334
}