replicate,iteration,method,logLik,alpha_T,alpha_H,alpha_W,E,delta_c,delta_s,sigma,tau,job_id
0,0,pfilter,-766.4337169014738,0.0162248145788908,-0.017454324290156364,0.30678290128707886,6.130063533782959,-0.011769716627895832,0.32461196184158325,0.3560031056404114,0.13857147097587585,38
