beta0,a1,b1,a2,b2,delta_post,alpha,nu,k_proc,sigma_A,eta,I0,sigma_obs
2.693225350352833,-0.7483145897654169,0.10190011433982275,0.10224553650243,0.0989273077142225,-0.027849686032153036,0.8645927679209731,9425.329983289428,16.158976023239575,0.44367427630702855,0.9357463162918592,35.578853725654454,0.19450446479869946
