{
  "winner_start_id": 1,
  "winner_trace_rank": 3,
  "winner_iter": 45,
  "winner_if2_loglik": -225.72333601736165,
  "winner_rep_loglik": -226.60185773929274,
  "winner_rep_se": 0.2517012559052436,
  "theta_hat_natural_scale": {
    "beta0": 2.693225350352833,
    "a1": -0.7483145897654169,
    "b1": 0.10190011433982275,
    "a2": 0.10224553650243,
    "b2": 0.0989273077142225,
    "delta_post": -0.027849686032153036,
    "alpha": 0.8645927679209731,
    "nu": 9425.329983289428,
    "k_proc": 16.158976023239575,
    "sigma_A": 0.44367427630702855,
    "eta": 0.9357463162918592,
    "I0": 35.578853725654454,
    "sigma_obs": 0.19450446479869946
  }
}