iteration,loglik,run
0,,1
1,-3.4028234663852886e+38,1
2,-3.4028234663852886e+38,1
3,-3.4028234663852886e+38,1
4,-3.4028234663852886e+38,1
5,-3.4028234663852886e+38,1
6,-3.4028234663852886e+38,1
7,-3.4028234663852886e+38,1
8,-3.4028234663852886e+38,1
9,-3.4028234663852886e+38,1
10,-3.4028234663852886e+38,1
11,-3.4028234663852886e+38,1
12,-3.4028234663852886e+38,1
13,-3.4028234663852886e+38,1
14,-3.4028234663852886e+38,1
15,-3.4028234663852886e+38,1
16,-3.4028234663852886e+38,1
17,-3.4028234663852886e+38,1
18,-3.4028234663852886e+38,1
19,-3.4028234663852886e+38,1
20,-3.4028234663852886e+38,1
21,-3.4028234663852886e+38,1
22,-3.4028234663852886e+38,1
23,-3.4028234663852886e+38,1
24,-3.4028234663852886e+38,1
25,-3.4028234663852886e+38,1
26,-3.4028234663852886e+38,1
27,-3.4028234663852886e+38,1
28,-3.4028234663852886e+38,1
29,-3.4028234663852886e+38,1
30,-3.4028234663852886e+38,1
31,-3.4028234663852886e+38,1
32,-3.4028234663852886e+38,1
33,-3.4028234663852886e+38,1
34,-3.4028234663852886e+38,1
35,-3.4028234663852886e+38,1
36,-3.4028234663852886e+38,1
37,-3.4028234663852886e+38,1
38,-3.4028234663852886e+38,1
39,-3.4028234663852886e+38,1
40,-3.4028234663852886e+38,1
41,-3.4028234663852886e+38,1
42,-3.4028234663852886e+38,1
43,-3.4028234663852886e+38,1
44,-3.4028234663852886e+38,1
45,-3.4028234663852886e+38,1
46,-3.4028234663852886e+38,1
47,-3.4028234663852886e+38,1
48,-3.4028234663852886e+38,1
49,-3.4028234663852886e+38,1
50,-3.4028234663852886e+38,1
