{
  "a": 0.3,
  "b": 0.9,
  "c_env": -0.05,
  "phi_E": 0.7,
  "log_sigma_p": -1.3862943611198906,
  "log_sigma_o": -1.8971199848858813,
  "log_sigma_E": -1.3862943611198906,
  "log_sigma_S": -1.8971199848858813,
  "X_0": 3.0,
  "E_0": 0.0
}