{
  "chain": 9,
  "mean_ll": -159.22512765795366,
  "theta": {
    "a": 0.2699179020540382,
    "b_mean": 0.921483295761111,
    "c_env": -0.003504511075473559,
    "phi_E": 0.6750538715229903,
    "log_sigma_p": -1.3188478211797796,
    "log_sigma_o": -2.8837646992505492,
    "log_sigma_E": -1.3374313352844467,
    "log_sigma_S": -2.146454101716698,
    "log_sigma_b": -4.599910792054781
  }
}